project,src
CoreNLP,pipeline/CoreDocument
CoreNLP,pipeline/SentenceAnnotator
CoreNLP,pipeline/QuoteAnnotator
CoreNLP,pipeline/TokenizerAnnotator
CoreNLP,pipeline/WordsToSentencesAnnotator
CoreNLP,pipeline/POSTaggerAnnotator
CoreNLP,pipeline/MorphaAnnotator
CoreNLP,pipeline/NERCombinerAnnotator
CoreNLP,pipeline/EntityMentionsAnnotator
CoreNLP,pipeline/TokensRegexNERAnnotator
CoreNLP,pipeline/ParserAnnotator
CoreNLP,pipeline/QuoteAttributionAnnotator
CoreNLP,process/PTBTokenizer
CoreNLP,pipeline/StanfordCoreNLP
CoreNLP,pipeline/SentimentAnnotator
CoreNLP,pipeline/ProtobufAnnotationSerializer
CoreNLP,pipeline/KBPAnnotator
CoreNLP,process/Morphology
CoreNLP,process/Stemmer
CoreNLP,parser/EnglishTreebankParserParams
CoreNLP,parser/LexicalizedParser
CoreNLP,ling/CoreLabel
CoreNLP,coref/Mention
CoreNLP,dcoref/Mention
CoreNLP,ie/NERFeatureFactory
CoreNLP,parser/ChineseTreebankParserParams
CoreNLP,parser/ExhaustiveDependencyParser
CoreNLP,parser/SplittingGrammarExtractor
CoreNLP,pipeline/ArabicSegmenterAnnotator
CoreNLP,pipeline/ChineseSegmenterAnnotator
CoreNLP,pipeline/CorefAnnotator
CoreNLP,pipeline/CorefMentionAnnotator
CoreNLP,pipeline/CoreSentence
CoreNLP,pipeline/JSONOutputter
CoreNLP,pipeline/LabeledChunkIdentifier
CoreNLP,pipeline/WikidictAnnotator
CoreNLP,process/WordToSentenceProcessor
CoreNLP,sentiment/SentimentModel
CoreNLP,sentiment/SentimentPipeline
Gate-Core,corpora/SerialCorpusImpl
Gate-Core,corpora/CorpusImpl
Gate-Core,corpora/DocumentImpl
Gate-Core,corpora/DocumentStaxUtils
Gate-Core,annotation/AnnotationSetImpl
Gate-Core,annotation/CorpusAnnotationDiff
Gate-Core,annotation/AnnotationImpl
Gate-Core,creole/CreolCreoleRegisterImpl
Gate-Core,creole/QueryParser
Gate-Core,creole/CreoleRegisterImpl
Gate-Core,creole/CorpusBenchmarkTool
Mallet,types/SparseVector
Mallet,types/AugmentableFeatureVector
Mallet,classify/NaiveBayes
Mallet,classify/MaxEnt
Mallet,classify/MaxEntOptimizableByLabelLikelihood
Mallet,classify/MaxEntOptimizableByLabelDistribution
Mallet,classify/NaiveBayesTrainer
Mallet,cluster/KMeans
Mallet,fst/HMM
Mallet,fst/CRF
Mallet,fst/SumLatticeBeam
Mallet,topics/ParallelTopicModel
Mallet,topics/LDAHyper
Mallet,topics/TopicalNGrams
Mallet,topics/MultinomialHMM
Mallet,topics/TopicInferencer
CogComp-NLP,md/MentionAnnotator
CogComp-NLP,md/BIOReader
CogComp-NLP,md/ExtendReader
CogComp-NLP,comma/Comma
CogComp-NLP,ner/MemoryEfficientNB
CogComp-NLP,ner/NERAnnotator
CogComp-NLP,re/RelationFeatureExtractor
CogComp-NLP,pos/MikheevLearner
CogComp-NLP,pos/POSBaselineLearner
CogComp-NLP,nlp/Morpha
CogComp-NLP,nlp/TokenizerStateMachine
CogComp-NLP,md/ExtentReader
CogComp-NLP,core/TreeGrep
CogComp-NLP,llm/LlmStringComparator
CogComp-NLP,lemmatizer/IllinoisLemmatizer
CogComp-NLP,quant/Quantifier
Gate-Core,annotation/CorpusAnnotationDiff
OpenNLP,ml/GISTrainer
OpenNLP,stemmer/greekStemmer
OpenNLP,stemmer/arabicStemmer
OpenNLP,stemmer/PorterStemmer
OpenNLP,stemmer/SnowballProgram
OpenNLP,stemmer/SnowballStemmer
OpenNLP,parser/Parse
OpenNLP,ngram/NGramModel
OpenNLP,postag/POSTaggerME
OpenNLP,postag/POSTaggerFactory
OpenNLP,chunker/ChunkerME
OpenNLP,formats/Conll03NameSampleStream
OpenNLP,langdetect/LanguageDetectorME
OpenNLP,languagemodel/NGramLanguageModel
OpenNLP,namefind/NameFinderME
OpenNLP,postag/POSTaggerFactory
OpenNLP,postag/POSTaggerME
OpenNLP,sentdetect/SentenceDetectorME
OpenNLP,tokenize/TokenizerME

